trial,benchmark_id,benchmark_manifest_sha256,matrix_benchmark_count,matrix_config_count,matrix_trial_count,matrix_expected_row_count,matrix_benchmark_set_sha256,matrix_contract_sha256,benchmark_hash_status,benchmark_content_sha256,benchmark_expected_sha256,circuit,config,candidate_capture,capture_manifest_sha256,capture_integrity_sha256,capture_created_at,verdict,proof_time_sec,certificate_time_sec,model_checker_time_sec,candidate_generation_sec,candidate_processing_sec,llm_generation_sec,llm_provider,llm_model,llm_total_tokens,llm_call_count,capture_meta_schema,offline_time_sec,end_to_end_sec,exit,engine,tier,candidate_count,pool_candidate_count,working_candidate_count,selected_candidate_count,affine_selected_candidate_count,quadratic_tested_count,quadratic_timeout_count,quadratic_winner_index,unsupported_candidate_count,candidate_errors,closure_candidate_count,linear_candidate_count,quadratic_candidate_count,candidate_sha256,certificate_status,error,fast_results
0,2024/btor2/2024/hku/arithmetic_circuits/93.c/93.c.btor2,4392ff103b6d8d03e26cc8d5d08882c582176628104a855ebfe097b87ed34650,27,1,1,27,9eeed1942fc47358c44fc20a9428e18029bac0e097046ecad6cdc75d645517d7,42487eabc0f748dfa2dda1af87232dab4d9d17d4d7e5e6e7c8744db0c293ea29,posthoc-verified-2026-07-12,47163e14a1fe4780f9383bb98be91fcde5ba0c166eb70f4353c269b129173666,47163e14a1fe4780f9383bb98be91fcde5ba0c166eb70f4353c269b129173666,93.c.btor2,static-quadratic-oracle,,,,,unsat,11.248693,11.248693,0.000000,0.029835,0.001380,0.000000,,,,,,11.250073,11.279907,0,static-houdini-certificate,,316,2432,2000,316,316,0,0,,0,[],0,316,0,11e98505af209ef9f6085a43d8917755228422e9c800573a613ca8b43d67333c,"[{""name"": ""C1 Init=>H"", ""result"": ""unsat""}, {""name"": ""C2 inductive"", ""result"": ""unsat""}, {""name"": ""C3 H=>notBAD"", ""result"": ""unsat""}]",,{}
0,2024/btor2/2024/hku/arithmetic_circuits/fib_30/fib_30.btor2,4392ff103b6d8d03e26cc8d5d08882c582176628104a855ebfe097b87ed34650,27,1,1,27,9eeed1942fc47358c44fc20a9428e18029bac0e097046ecad6cdc75d645517d7,42487eabc0f748dfa2dda1af87232dab4d9d17d4d7e5e6e7c8744db0c293ea29,posthoc-verified-2026-07-12,1bb400e569c8c3147d38245dd81458261c4cc0aac565286e731dabf78fdf31d0,1bb400e569c8c3147d38245dd81458261c4cc0aac565286e731dabf78fdf31d0,fib_30.btor2,static-quadratic-oracle,,,,,unsat,2.309279,2.309279,0.000000,0.007958,0.000106,0.000000,,,,,,2.309385,2.317344,0,static-houdini-certificate,,27,1056,27,27,26,1,0,0,0,[],0,26,1,c32d4e8310cc9e135775d95da0a13fdbb98dd0ee0c2bb9b1da1406da6e1c6a49,"[{""name"": ""C1 Init=>H"", ""result"": ""unsat""}, {""name"": ""C2 inductive"", ""result"": ""unsat""}, {""name"": ""C3 H=>notBAD"", ""result"": ""unsat""}]",,{}
0,2024/btor2/2024/hku/arithmetic_circuits/fib_37/fib_37.btor2,4392ff103b6d8d03e26cc8d5d08882c582176628104a855ebfe097b87ed34650,27,1,1,27,9eeed1942fc47358c44fc20a9428e18029bac0e097046ecad6cdc75d645517d7,42487eabc0f748dfa2dda1af87232dab4d9d17d4d7e5e6e7c8744db0c293ea29,posthoc-verified-2026-07-12,bc94066b5bdaade1ec8c162f91b9745224020425bf60ae251b0814b99b2d2c89,bc94066b5bdaade1ec8c162f91b9745224020425bf60ae251b0814b99b2d2c89,fib_37.btor2,static-quadratic-oracle,,,,,unsat,2.732878,2.732878,0.000000,0.007781,0.000631,0.000000,,,,,,2.733509,2.741290,0,static-houdini-certificate,,146,1056,840,146,146,0,0,,0,[],0,146,0,3adf6758f7449c0cd9218230cf31823d14b8b8c2124cf37da13daeec269daae7,"[{""name"": ""C1 Init=>H"", ""result"": ""unsat""}, {""name"": ""C2 inductive"", ""result"": ""unsat""}, {""name"": ""C3 H=>notBAD"", ""result"": ""unsat""}]",,{}
0,2024/btor2/2024/sosylab/bitvector/byte_add_1-1.btor2,4392ff103b6d8d03e26cc8d5d08882c582176628104a855ebfe097b87ed34650,27,1,1,27,9eeed1942fc47358c44fc20a9428e18029bac0e097046ecad6cdc75d645517d7,42487eabc0f748dfa2dda1af87232dab4d9d17d4d7e5e6e7c8744db0c293ea29,posthoc-verified-2026-07-12,44c6298003b91d36e85dbb9a649a5b44b28f64c4015d396eaf9ac140ff358794,44c6298003b91d36e85dbb9a649a5b44b28f64c4015d396eaf9ac140ff358794,byte_add_1-1.btor2,static-quadratic-oracle,,,,,unknown,70.077422,70.003878,0.073544,0.016927,0.001035,0.000000,,,,,,70.078457,70.095384,255,static-houdini+ic3ia,,64,2936,2000,241,241,475,1,,0,[],0,64,0,59e50331728dd7dece200a29c14b8cd47c3fc98187c3924cbd5ef9b9d1da7a6d,"[{""name"": ""C1 Init=>H"", ""result"": ""unsat""}, {""name"": ""C2 inductive"", ""result"": ""unsat""}, {""name"": ""C3 H=>notBAD"", ""result"": ""sat""}]",,{}
0,2024/btor2/2024/sosylab/loop-invgen/up.btor2,4392ff103b6d8d03e26cc8d5d08882c582176628104a855ebfe097b87ed34650,27,1,1,27,9eeed1942fc47358c44fc20a9428e18029bac0e097046ecad6cdc75d645517d7,42487eabc0f748dfa2dda1af87232dab4d9d17d4d7e5e6e7c8744db0c293ea29,posthoc-verified-2026-07-12,cdb52c840b94fc6de99a88d2f61db9724c49d507ef8bbac4ab74b6ca3da3dea5,cdb52c840b94fc6de99a88d2f61db9724c49d507ef8bbac4ab74b6ca3da3dea5,up.btor2,static-quadratic-oracle,,,,,unknown,66.385523,66.349137,0.036387,0.027030,0.000957,0.000000,,,,,,66.386480,66.413509,255,static-houdini+ic3ia,,64,2936,2000,241,241,936,0,,0,[],0,64,0,70cec6a7c3f52a870d0ee278cd0cc99f818c76a733beff248899ade4ca8402b3,"[{""name"": ""C1 Init=>H"", ""result"": ""unsat""}, {""name"": ""C2 inductive"", ""result"": ""unsat""}, {""name"": ""C3 H=>notBAD"", ""result"": ""sat""}]",,{}
0,2024/btor2/2024/sosylab/loop-simple/deep-nested.btor2,4392ff103b6d8d03e26cc8d5d08882c582176628104a855ebfe097b87ed34650,27,1,1,27,9eeed1942fc47358c44fc20a9428e18029bac0e097046ecad6cdc75d645517d7,42487eabc0f748dfa2dda1af87232dab4d9d17d4d7e5e6e7c8744db0c293ea29,posthoc-verified-2026-07-12,c064ba114ce5207b51596dcd04ddbad264482da930aa56428d44d7d72290d03a,c064ba114ce5207b51596dcd04ddbad264482da930aa56428d44d7d72290d03a,deep-nested.btor2,static-quadratic-oracle,,,,,unknown,70.048555,70.002207,0.046348,0.029579,0.001333,0.000000,,,,,,70.049888,70.079467,255,static-houdini+ic3ia,,64,3152,2000,352,352,619,1,,0,[],0,64,0,6a539feea9f39dc3de6789d9c4357c0602285baff18ff71470e0a71e23ddd10a,"[{""name"": ""C1 Init=>H"", ""result"": ""unsat""}, {""name"": ""C2 inductive"", ""result"": ""unsat""}, {""name"": ""C3 H=>notBAD"", ""result"": ""sat""}]",,{}
0,2024/btor2/2024/sosylab/loop-zilu/benchmark04_conjunctive.btor2,4392ff103b6d8d03e26cc8d5d08882c582176628104a855ebfe097b87ed34650,27,1,1,27,9eeed1942fc47358c44fc20a9428e18029bac0e097046ecad6cdc75d645517d7,42487eabc0f748dfa2dda1af87232dab4d9d17d4d7e5e6e7c8744db0c293ea29,posthoc-verified-2026-07-12,7a0fea741ef809c72423d7d229f45a7ffee394e71c7d0b81546c36af04046079,7a0fea741ef809c72423d7d229f45a7ffee394e71c7d0b81546c36af04046079,benchmark04_conjunctive.btor2,static-quadratic-oracle,,,,,unknown,63.100424,63.062306,0.038118,0.022040,0.001053,0.000000,,,,,,63.101477,63.123516,255,static-houdini+ic3ia,,64,2936,2000,247,247,936,0,,0,[],0,64,0,b8a927f276cfd501c8b50c6193388b8f777492e4e33993cf18ca457f2912a233,"[{""name"": ""C1 Init=>H"", ""result"": ""unsat""}, {""name"": ""C2 inductive"", ""result"": ""unsat""}, {""name"": ""C3 H=>notBAD"", ""result"": ""sat""}]",,{}
0,2024/btor2/2024/sosylab/loops-crafted-1/mono-crafted_8.btor2,4392ff103b6d8d03e26cc8d5d08882c582176628104a855ebfe097b87ed34650,27,1,1,27,9eeed1942fc47358c44fc20a9428e18029bac0e097046ecad6cdc75d645517d7,42487eabc0f748dfa2dda1af87232dab4d9d17d4d7e5e6e7c8744db0c293ea29,posthoc-verified-2026-07-12,d83418d9b5aa572cf4bebf9357a0aeff049109a79337f23738b4ae5b28bca9b6,d83418d9b5aa572cf4bebf9357a0aeff049109a79337f23738b4ae5b28bca9b6,mono-crafted_8.btor2,static-quadratic-oracle,,,,,unknown,59.287437,59.246931,0.040506,0.024297,0.000947,0.000000,,,,,,59.288384,59.312681,255,static-houdini+ic3ia,,64,2936,2000,247,247,936,0,,0,[],0,64,0,b61f5740158fb9458de1e400b1cf567f89fbdcb6e467c6d4f506a091ce1757f1,"[{""name"": ""C1 Init=>H"", ""result"": ""unsat""}, {""name"": ""C2 inductive"", ""result"": ""unsat""}, {""name"": ""C3 H=>notBAD"", ""result"": ""sat""}]",,{}
0,2024/btor2/2024/sosylab/nla-digbench-scaling/dijkstra-u_valuebound1.btor2,4392ff103b6d8d03e26cc8d5d08882c582176628104a855ebfe097b87ed34650,27,1,1,27,9eeed1942fc47358c44fc20a9428e18029bac0e097046ecad6cdc75d645517d7,42487eabc0f748dfa2dda1af87232dab4d9d17d4d7e5e6e7c8744db0c293ea29,posthoc-verified-2026-07-12,27ee3e350e8cf4de52b849c26803dc2c9ed17cd613994f432b93fbd50c869f71,27ee3e350e8cf4de52b849c26803dc2c9ed17cd613994f432b93fbd50c869f71,dijkstra-u_valuebound1.btor2,static-quadratic-oracle,,,,,unknown,68.134993,67.783203,0.351791,0.035468,0.000673,0.000000,,,,,,68.135667,68.171135,255,static-houdini+ic3ia,,64,2864,2000,145,145,864,0,,0,[],0,64,0,dd8d3ddfc328cee8cb6975c9796065f79a3826ada5231f67d9a531316ce56d7a,"[{""name"": ""C1 Init=>H"", ""result"": ""unsat""}, {""name"": ""C2 inductive"", ""result"": ""unsat""}, {""name"": ""C3 H=>notBAD"", ""result"": ""sat""}]",,{}
0,2024/btor2/2024/sosylab/nla-digbench-scaling/egcd-ll_unwindbound10.btor2,4392ff103b6d8d03e26cc8d5d08882c582176628104a855ebfe097b87ed34650,27,1,1,27,9eeed1942fc47358c44fc20a9428e18029bac0e097046ecad6cdc75d645517d7,42487eabc0f748dfa2dda1af87232dab4d9d17d4d7e5e6e7c8744db0c293ea29,posthoc-verified-2026-07-12,e4c403715215037126383eb0b64039f5aa8842700bc68690b3966ef529ffa865,e4c403715215037126383eb0b64039f5aa8842700bc68690b3966ef529ffa865,egcd-ll_unwindbound10.btor2,static-quadratic-oracle,,,,,unknown,70.112319,70.022324,0.089996,0.018474,0.000574,0.000000,,,,,,70.112893,70.131367,255,static-houdini+ic3ia,,64,2864,2000,145,145,611,1,,0,[],0,64,0,7feec3fe6e64ed9031b4f11152a4cfd0441409cfe642f3f18b105ca6aefbb90c,"[{""name"": ""C1 Init=>H"", ""result"": ""unsat""}, {""name"": ""C2 inductive"", ""result"": ""unsat""}, {""name"": ""C3 H=>notBAD"", ""result"": ""sat""}]",,{}
0,2024/btor2/2024/sosylab/nla-digbench-scaling/hard-ll_valuebound20.btor2,4392ff103b6d8d03e26cc8d5d08882c582176628104a855ebfe097b87ed34650,27,1,1,27,9eeed1942fc47358c44fc20a9428e18029bac0e097046ecad6cdc75d645517d7,42487eabc0f748dfa2dda1af87232dab4d9d17d4d7e5e6e7c8744db0c293ea29,posthoc-verified-2026-07-12,6db2488767df2a27d060c36e19917239dd8b673bc15b35e4a28f8ee636a8daeb,6db2488767df2a27d060c36e19917239dd8b673bc15b35e4a28f8ee636a8daeb,hard-ll_valuebound20.btor2,static-quadratic-oracle,,,,,unknown,59.773031,59.678278,0.094753,0.015517,0.000788,0.000000,,,,,,59.773819,59.789336,255,static-houdini+ic3ia,,64,2130,1626,152,152,504,1,,0,[],0,64,0,865ec32ad82819e1948593193595654340af4f8fa147c018d4b7ec07acff0987,"[{""name"": ""C1 Init=>H"", ""result"": ""unsat""}, {""name"": ""C2 inductive"", ""result"": ""unsat""}, {""name"": ""C3 H=>notBAD"", ""result"": ""sat""}]",,{}
0,2024/btor2/2024/sosylab/nla-digbench-scaling/lcm1_unwindbound2.btor2,4392ff103b6d8d03e26cc8d5d08882c582176628104a855ebfe097b87ed34650,27,1,1,27,9eeed1942fc47358c44fc20a9428e18029bac0e097046ecad6cdc75d645517d7,42487eabc0f748dfa2dda1af87232dab4d9d17d4d7e5e6e7c8744db0c293ea29,posthoc-verified-2026-07-12,927372e149dafc1119ce5ee8aa99eea94acd22912610f86d7c9b3225fbcfe796,927372e149dafc1119ce5ee8aa99eea94acd22912610f86d7c9b3225fbcfe796,lcm1_unwindbound2.btor2,static-quadratic-oracle,,,,,unknown,55.677226,55.592460,0.084765,0.019152,0.000654,0.000000,,,,,,55.677880,55.697032,255,static-houdini+ic3ia,,64,2864,2000,145,145,864,0,,0,[],0,64,0,36fe6b4a1b5ded0e8fd24fa04b4944a277d8440c8fcf4d5eda64b8c3afe1ea36,"[{""name"": ""C1 Init=>H"", ""result"": ""unsat""}, {""name"": ""C2 inductive"", ""result"": ""unsat""}, {""name"": ""C3 H=>notBAD"", ""result"": ""sat""}]",,{}
0,2024/btor2/2024/sosylab/nla-digbench-scaling/lcm1_valuebound100.btor2,4392ff103b6d8d03e26cc8d5d08882c582176628104a855ebfe097b87ed34650,27,1,1,27,9eeed1942fc47358c44fc20a9428e18029bac0e097046ecad6cdc75d645517d7,42487eabc0f748dfa2dda1af87232dab4d9d17d4d7e5e6e7c8744db0c293ea29,posthoc-verified-2026-07-12,f5154c1438162009e2930f3ca057ad6cd527933679870654342ca2394c921e29,f5154c1438162009e2930f3ca057ad6cd527933679870654342ca2394c921e29,lcm1_valuebound100.btor2,static-quadratic-oracle,,,,,unknown,53.375408,53.298456,0.076951,0.017903,0.000659,0.000000,,,,,,53.376067,53.393970,255,static-houdini+ic3ia,,64,2864,2000,145,145,864,0,,0,[],0,64,0,6b0f6f21fd5c6dae8e05da249bbba9709d7404c38626dae68b6870bbd498bb81,"[{""name"": ""C1 Init=>H"", ""result"": ""unsat""}, {""name"": ""C2 inductive"", ""result"": ""unsat""}, {""name"": ""C3 H=>notBAD"", ""result"": ""sat""}]",,{}
0,2024/btor2/2024/sosylab/nla-digbench-scaling/lcm2_unwindbound50.btor2,4392ff103b6d8d03e26cc8d5d08882c582176628104a855ebfe097b87ed34650,27,1,1,27,9eeed1942fc47358c44fc20a9428e18029bac0e097046ecad6cdc75d645517d7,42487eabc0f748dfa2dda1af87232dab4d9d17d4d7e5e6e7c8744db0c293ea29,posthoc-verified-2026-07-12,8775da9895644886e7703addec69591f5afbc4bd520346801e1f4337979dc41c,8775da9895644886e7703addec69591f5afbc4bd520346801e1f4337979dc41c,lcm2_unwindbound50.btor2,static-quadratic-oracle,,,,,unknown,55.449061,55.370441,0.078620,0.019476,0.000638,0.000000,,,,,,55.449699,55.469175,255,static-houdini+ic3ia,,64,2864,2000,145,145,864,0,,0,[],0,64,0,a8c73c9f8d5b7685d1e2d6afae2f932399b5dec86e41aa2932401127ebe23163,"[{""name"": ""C1 Init=>H"", ""result"": ""unsat""}, {""name"": ""C2 inductive"", ""result"": ""unsat""}, {""name"": ""C3 H=>notBAD"", ""result"": ""sat""}]",,{}
0,2024/btor2/2024/sosylab/seq-mthreaded/pals_lcr-var-start-time.6.1.ufo.UNBOUNDED.pals.btor2,4392ff103b6d8d03e26cc8d5d08882c582176628104a855ebfe097b87ed34650,27,1,1,27,9eeed1942fc47358c44fc20a9428e18029bac0e097046ecad6cdc75d645517d7,42487eabc0f748dfa2dda1af87232dab4d9d17d4d7e5e6e7c8744db0c293ea29,posthoc-verified-2026-07-12,c24bf71e8b372dcc606e7ec6e9dadc37fa18bed59b7cd6eb906584d68094d7c9,c24bf71e8b372dcc606e7ec6e9dadc37fa18bed59b7cd6eb906584d68094d7c9,pals_lcr-var-start-time.6.1.ufo.UNBOUNDED.pals.btor2,static-quadratic-oracle,,,,,unknown,70.430367,70.329985,0.100382,0.046127,0.000841,0.000000,,,,,,70.431208,70.477335,255,static-houdini+ic3ia,,64,4000,2000,254,254,168,1,,0,[],0,64,0,f5a1fca8510bfc03267bf5251bceeeeade6b812650e024f6dbf81c1cf5ea95da,"[{""name"": ""C1 Init=>H"", ""result"": ""unsat""}, {""name"": ""C2 inductive"", ""result"": ""unsat""}, {""name"": ""C3 H=>notBAD"", ""result"": ""sat""}]",,{}
0,2025/wordlevel/bv/2024/hkust/arithmetic_circuits/fib_05/fib_05.btor2,4392ff103b6d8d03e26cc8d5d08882c582176628104a855ebfe097b87ed34650,27,1,1,27,9eeed1942fc47358c44fc20a9428e18029bac0e097046ecad6cdc75d645517d7,42487eabc0f748dfa2dda1af87232dab4d9d17d4d7e5e6e7c8744db0c293ea29,posthoc-verified-2026-07-12,723e2cb4d2ef7e62a20a5fe340c2907e6a2988a8d590c744ed5bfcfa0ec36f35,723e2cb4d2ef7e62a20a5fe340c2907e6a2988a8d590c744ed5bfcfa0ec36f35,fib_05.btor2,static-quadratic-oracle,,,,,unsat,35.817572,35.817572,0.000000,0.035342,0.001922,0.000000,,,,,,35.819493,35.854835,0,static-houdini-certificate,,416,2432,2000,416,416,0,0,,0,[],0,416,0,92388d51aac654acdbbaf7c659d41c26c65716974855d4c310a2e8deee152059,"[{""name"": ""C1 Init=>H"", ""result"": ""unsat""}, {""name"": ""C2 inductive"", ""result"": ""unsat""}, {""name"": ""C3 H=>notBAD"", ""result"": ""unsat""}]",,{}
0,2025/wordlevel/bv/2024/hkust/arithmetic_circuits/fib_23/fib_23.btor2,4392ff103b6d8d03e26cc8d5d08882c582176628104a855ebfe097b87ed34650,27,1,1,27,9eeed1942fc47358c44fc20a9428e18029bac0e097046ecad6cdc75d645517d7,42487eabc0f748dfa2dda1af87232dab4d9d17d4d7e5e6e7c8744db0c293ea29,posthoc-verified-2026-07-12,a078bbffe6dc000ce0a24a4d11c45efade0c613ca55ca40db83dbb7b013338d6,a078bbffe6dc000ce0a24a4d11c45efade0c613ca55ca40db83dbb7b013338d6,fib_23.btor2,static-quadratic-oracle,,,,,unsat,6.137566,6.137566,0.000000,0.009334,0.000130,0.000000,,,,,,6.137696,6.147030,0,static-houdini-certificate,,27,1056,27,27,26,145,0,144,0,[],0,26,1,5693567f6c83b4a4f412b539a756dc890f2b659d83d6af77e17e92218e9fbd5a,"[{""name"": ""C1 Init=>H"", ""result"": ""unsat""}, {""name"": ""C2 inductive"", ""result"": ""unsat""}, {""name"": ""C3 H=>notBAD"", ""result"": ""unsat""}]",,{}
0,2025/wordlevel/bv/2024/sosylab/loops-crafted-1/Mono6_1.btor2,4392ff103b6d8d03e26cc8d5d08882c582176628104a855ebfe097b87ed34650,27,1,1,27,9eeed1942fc47358c44fc20a9428e18029bac0e097046ecad6cdc75d645517d7,42487eabc0f748dfa2dda1af87232dab4d9d17d4d7e5e6e7c8744db0c293ea29,posthoc-verified-2026-07-12,f3d4dfc24983fd470e33bc1e3f1b88f4925dabfa8494856cbb93f0ce9b75da4c,f3d4dfc24983fd470e33bc1e3f1b88f4925dabfa8494856cbb93f0ce9b75da4c,Mono6_1.btor2,static-quadratic-oracle,,,,,unknown,70.214725,70.000160,0.214566,0.032037,0.000908,0.000000,,,,,,70.215634,70.247671,255,static-houdini+ic3ia,,64,2936,2000,247,247,897,1,,0,[],0,64,0,b61f5740158fb9458de1e400b1cf567f89fbdcb6e467c6d4f506a091ce1757f1,"[{""name"": ""C1 Init=>H"", ""result"": ""unsat""}, {""name"": ""C2 inductive"", ""result"": ""unsat""}, {""name"": ""C3 H=>notBAD"", ""result"": ""sat""}]",,{}
0,2025/wordlevel/bv/2024/sosylab/loops-crafted-1/sumt3.btor2,4392ff103b6d8d03e26cc8d5d08882c582176628104a855ebfe097b87ed34650,27,1,1,27,9eeed1942fc47358c44fc20a9428e18029bac0e097046ecad6cdc75d645517d7,42487eabc0f748dfa2dda1af87232dab4d9d17d4d7e5e6e7c8744db0c293ea29,posthoc-verified-2026-07-12,f63bf825b9c27c0cf3799235b26c0d8fe7ca3463c7b37fd4f778371d40b94244,f63bf825b9c27c0cf3799235b26c0d8fe7ca3463c7b37fd4f778371d40b94244,sumt3.btor2,static-quadratic-oracle,,,,,unknown,70.137964,70.003778,0.134186,0.174824,0.000988,0.000000,,,,,,70.138951,70.313775,255,static-houdini+ic3ia,,64,2936,2000,247,247,742,1,,0,[],0,64,0,fbc6d0bfc193415cbc25b0bbcb1e8a1dc83b9e93a1a6b06e7a8c3019114e9af7,"[{""name"": ""C1 Init=>H"", ""result"": ""unsat""}, {""name"": ""C2 inductive"", ""result"": ""unsat""}, {""name"": ""C3 H=>notBAD"", ""result"": ""sat""}]",,{}
0,2025/wordlevel/bv/2024/sosylab/nla-digbench-scaling/prodbin-ll_unwindbound10.btor2,4392ff103b6d8d03e26cc8d5d08882c582176628104a855ebfe097b87ed34650,27,1,1,27,9eeed1942fc47358c44fc20a9428e18029bac0e097046ecad6cdc75d645517d7,42487eabc0f748dfa2dda1af87232dab4d9d17d4d7e5e6e7c8744db0c293ea29,posthoc-verified-2026-07-12,90e3250e379178f0ca7135de996be479a57f0196e6742bebff52cd4fc1f68ef1,90e3250e379178f0ca7135de996be479a57f0196e6742bebff52cd4fc1f68ef1,prodbin-ll_unwindbound10.btor2,static-quadratic-oracle,,,,,unknown,66.436228,66.358530,0.077697,0.173197,0.001195,0.000000,,,,,,66.437422,66.610619,255,static-houdini+ic3ia,,64,2648,2000,258,258,648,0,,0,[],0,64,0,e3d1b20b0b0bea490d97a9cda91736b72eae58b14e7ae417e49005f90e69214c,"[{""name"": ""C1 Init=>H"", ""result"": ""unsat""}, {""name"": ""C2 inductive"", ""result"": ""unsat""}, {""name"": ""C3 H=>notBAD"", ""result"": ""sat""}]",,{}
0,2025/wordlevel/bv/2025/sosylab/safety-func/nla-digbench-scaling/prodbin-ll_unwindbound50.btor2,4392ff103b6d8d03e26cc8d5d08882c582176628104a855ebfe097b87ed34650,27,1,1,27,9eeed1942fc47358c44fc20a9428e18029bac0e097046ecad6cdc75d645517d7,42487eabc0f748dfa2dda1af87232dab4d9d17d4d7e5e6e7c8744db0c293ea29,posthoc-verified-2026-07-12,6a953053e46094875324775745185282dd4197c06a3a2b7c6c4955c7007719dd,6a953053e46094875324775745185282dd4197c06a3a2b7c6c4955c7007719dd,prodbin-ll_unwindbound50.btor2,static-quadratic-oracle,,,,,unknown,70.087217,70.003802,0.083415,0.031643,0.000050,0.000000,,,,,,70.087267,70.118910,255,static-houdini+ic3ia,,8,2133,1701,8,8,34,5,,0,[],0,8,0,201e154f7e94c14d9081d6d4bb7a3c9173b8676f3cf4f208830ff4cba0846cef,"[{""name"": ""C1 Init=>H"", ""result"": ""unsat""}, {""name"": ""C2 inductive"", ""result"": ""unsat""}, {""name"": ""C3 H=>notBAD"", ""result"": ""sat""}]",,{}
0,2025/wordlevel/bv/2025/sosylab/safety-func/nla-digbench-scaling/sqrt1-ll_valuebound100.btor2,4392ff103b6d8d03e26cc8d5d08882c582176628104a855ebfe097b87ed34650,27,1,1,27,9eeed1942fc47358c44fc20a9428e18029bac0e097046ecad6cdc75d645517d7,42487eabc0f748dfa2dda1af87232dab4d9d17d4d7e5e6e7c8744db0c293ea29,posthoc-verified-2026-07-12,38f6500c8a2001693d14f0b0b4a5087d35d9ca7835c8943a5ba0fc9d519b9c13,38f6500c8a2001693d14f0b0b4a5087d35d9ca7835c8943a5ba0fc9d519b9c13,sqrt1-ll_valuebound100.btor2,static-quadratic-oracle,,,,,unknown,70.017860,70.017860,0.000000,0.010401,0.000342,0.000000,,,,,,70.018202,70.028604,,static-houdini,,64,1107,891,64,64,0,0,,0,[],0,64,0,821cf13c40bd1f25e1b7cd857694f42c6b44fb730be268d69e97bf42a11c104a,"[{""name"": ""C1 Init=>H"", ""result"": ""unsat""}, {""name"": ""C2 inductive"", ""result"": ""unknown""}, {""name"": ""C3 H=>notBAD"", ""result"": ""not-run""}]",,{}
0,2025/wordlevel/bv/2025/sosylab/safety-func/nla-digbench/fermat1-ll.btor2,4392ff103b6d8d03e26cc8d5d08882c582176628104a855ebfe097b87ed34650,27,1,1,27,9eeed1942fc47358c44fc20a9428e18029bac0e097046ecad6cdc75d645517d7,42487eabc0f748dfa2dda1af87232dab4d9d17d4d7e5e6e7c8744db0c293ea29,posthoc-verified-2026-07-12,15154655f489e367f7ffc595c32b56c63d719457bda2b29f9268545af14d176e,15154655f489e367f7ffc595c32b56c63d719457bda2b29f9268545af14d176e,fermat1-ll.btor2,static-quadratic-oracle,,,,,unknown,70.027605,70.027605,0.000000,0.008513,0.000479,0.000000,,,,,,70.028084,70.036597,,static-houdini,,64,1110,894,78,78,0,0,,0,[],0,64,0,1808a92284660f9d50d99596cdf74ee144257541020ccb23df221fa6287a1669,"[{""name"": ""C1 Init=>H"", ""result"": ""unsat""}, {""name"": ""C2 inductive"", ""result"": ""unknown""}, {""name"": ""C3 H=>notBAD"", ""result"": ""not-run""}]",,{}
0,2025/wordlevel/bv/2025/sosylab/safety-func/seq-mthreaded/pals_opt-floodmax.5_overflow.ufo.UNBOUNDED.pals.btor2,4392ff103b6d8d03e26cc8d5d08882c582176628104a855ebfe097b87ed34650,27,1,1,27,9eeed1942fc47358c44fc20a9428e18029bac0e097046ecad6cdc75d645517d7,42487eabc0f748dfa2dda1af87232dab4d9d17d4d7e5e6e7c8744db0c293ea29,posthoc-verified-2026-07-12,8ca187005e0faf5997d21fd273ded09cb6168f3136863332876f0809034cda9b,8ca187005e0faf5997d21fd273ded09cb6168f3136863332876f0809034cda9b,pals_opt-floodmax.5_overflow.ufo.UNBOUNDED.pals.btor2,static-quadratic-oracle,,,,,timeout,80.094268,70.007959,10.086309,0.022720,0.000192,0.000000,,,,,,80.094460,80.117180,,static-houdini+ic3ia,,48,3512,2000,48,48,205,1,,0,[],0,48,0,8e259d996a21bb96d5ab63cb9f49b84bcb7a21e9481ffc8b34793985b8ea5dcf,"[{""name"": ""C1 Init=>H"", ""result"": ""unsat""}, {""name"": ""C2 inductive"", ""result"": ""unsat""}, {""name"": ""C3 H=>notBAD"", ""result"": ""sat""}]",,{}
0,2025/wordlevel/bv/2025/sosylab/safety-rel/loops-crafted-1/loopv3.btor2,4392ff103b6d8d03e26cc8d5d08882c582176628104a855ebfe097b87ed34650,27,1,1,27,9eeed1942fc47358c44fc20a9428e18029bac0e097046ecad6cdc75d645517d7,42487eabc0f748dfa2dda1af87232dab4d9d17d4d7e5e6e7c8744db0c293ea29,posthoc-verified-2026-07-12,bab1f7016859d6fc591dd431173a5cb45a7509906f25a7950a921dbfc5f858a3,bab1f7016859d6fc591dd431173a5cb45a7509906f25a7950a921dbfc5f858a3,loopv3.btor2,static-quadratic-oracle,,,,,unknown,60.574431,60.535366,0.039065,0.025237,0.001260,0.000000,,,,,,60.575691,60.600928,255,static-houdini+ic3ia,,64,2792,2000,291,291,792,0,,0,[],0,64,0,91ebe9a90573c1d948ed6abfd2f2b74f9161c22fa91dd5f7b41cd4de62fb669f,"[{""name"": ""C1 Init=>H"", ""result"": ""unsat""}, {""name"": ""C2 inductive"", ""result"": ""unsat""}, {""name"": ""C3 H=>notBAD"", ""result"": ""sat""}]",,{}
0,2025/wordlevel/bv/2025/sosylab/safety-rel/nla-digbench-scaling/geo2-ll2_unwindbound1.btor2,4392ff103b6d8d03e26cc8d5d08882c582176628104a855ebfe097b87ed34650,27,1,1,27,9eeed1942fc47358c44fc20a9428e18029bac0e097046ecad6cdc75d645517d7,42487eabc0f748dfa2dda1af87232dab4d9d17d4d7e5e6e7c8744db0c293ea29,posthoc-verified-2026-07-12,a2f87b2fc7fa264546da730d46e70ddacc3e776b55ef5bc35c9bd7895d8ab750,a2f87b2fc7fa264546da730d46e70ddacc3e776b55ef5bc35c9bd7895d8ab750,geo2-ll2_unwindbound1.btor2,static-quadratic-oracle,,,,,unknown,70.076091,70.004814,0.071276,0.025243,0.001104,0.000000,,,,,,70.077194,70.102438,255,static-houdini+ic3ia,,64,2648,2000,258,258,643,1,,0,[],0,64,0,da9c6a88ebadb451be7e0e001aa7130646cd32af559b6a44f3f68eafd2943f80,"[{""name"": ""C1 Init=>H"", ""result"": ""unsat""}, {""name"": ""C2 inductive"", ""result"": ""unsat""}, {""name"": ""C3 H=>notBAD"", ""result"": ""sat""}]",,{}
0,2025/wordlevel/bv/2025/sosylab/safety-rel/seq-mthreaded/pals_opt-floodmax.4.ufo.UNBOUNDED.pals.btor2,4392ff103b6d8d03e26cc8d5d08882c582176628104a855ebfe097b87ed34650,27,1,1,27,9eeed1942fc47358c44fc20a9428e18029bac0e097046ecad6cdc75d645517d7,42487eabc0f748dfa2dda1af87232dab4d9d17d4d7e5e6e7c8744db0c293ea29,posthoc-verified-2026-07-12,22dcafffcc1dc1e273d4fdeee42d6b4702a44185030cb5e6d6810522f986cb17,22dcafffcc1dc1e273d4fdeee42d6b4702a44185030cb5e6d6810522f986cb17,pals_opt-floodmax.4.ufo.UNBOUNDED.pals.btor2,static-quadratic-oracle,,,,,unknown,70.411534,70.282149,0.129385,0.038082,0.000867,0.000000,,,,,,70.412402,70.450484,255,static-houdini+ic3ia,,64,4000,2000,254,254,155,1,,0,[],0,64,0,ce025ef24c7dda40ff260aaadabf1885c03496b3c2d9353dccf12698d95128d3,"[{""name"": ""C1 Init=>H"", ""result"": ""unsat""}, {""name"": ""C2 inductive"", ""result"": ""unsat""}, {""name"": ""C3 H=>notBAD"", ""result"": ""sat""}]",,{}
